{"cameraMode":{"drawMode":0,"name":"Shaded","section":"Shading Mode"},"sceneLighting":true,"audioPlay":false,"sceneViewState":{"showFog":true,"showMaterialUpdate":false,"showSkybox":true,"showFlares":true,"showImageEffects":true,"showParticleSystems":true,"showVisualEffectGraphs":true,"m_FxEnabled":true},"in2DMode":false,"pivot":{"x":0.9898090362548828,"y":-9.191925048828125,"z":20.45044708251953},"rotation":{"x":-0.24673298001289369,"y":0.0034852761309593918,"z":-0.0008877470972947776,"w":-0.9690756797790527},"size":27.00330352783203,"orthographic":false}