{"cameraMode":{"drawMode":0,"name":"Shaded","section":"Shading Mode"},"sceneLighting":true,"audioPlay":false,"sceneViewState":{"showFog":true,"showMaterialUpdate":false,"showSkybox":true,"showFlares":true,"showImageEffects":true,"showParticleSystems":true,"showVisualEffectGraphs":true,"m_FxEnabled":true},"in2DMode":false,"pivot":{"x":0.9020137786865234,"y":-10.843640327453614,"z":33.569557189941409},"rotation":{"x":-0.18080951273441316,"y":-0.0008881345856934786,"z":0.00016333111852873117,"w":-0.9835147857666016},"size":28.37415885925293,"orthographic":false}